3.0110, 3.2251
3.0110, 3.5193
3.0643, 3.4490
3.1176, 3.4138
3.1443, 3.3307
3.1976, 3.4730
3.2509, 3.4330
3.2775, 3.3451
3.2775, 3.3491
3.3041, 3.3019
3.3041, 3.4066
3.4107, 3.4466
3.4374, 3.5417
3.5440, 3.3690
3.5973, 3.4314
3.6239, 3.3890
3.6506, 3.5273
3.7038, 3.6281
3.7038, 3.3786
3.7838, 3.5481
3.8104, 3.4410
3.8637, 3.4969
3.9170, 3.3866
3.9437, 3.4314
3.9703, 3.5993
3.9970, 3.3946
4.0502, 3.4506
4.1835, 3.5193
4.1835, 3.5465
4.2101, 3.4050
4.2368, 3.4130
4.2368, 3.4018
4.2634, 3.3874
4.3434, 3.5257
4.4233, 3.4122
4.4499, 3.5913
4.5032, 3.3698
4.5032, 3.5625
4.6365, 3.7040
4.6365, 3.5945
4.6631, 3.5449
4.7963, 3.4993
4.9029, 3.4690
5.0895, 3.4945
5.1161, 3.6880
5.1427, 3.5049
5.1694, 3.4578
5.1960, 3.5417
5.3026, 3.5473
5.3293, 3.5705
5.4359, 3.6384
5.4359, 3.4538
5.4625, 3.5625
5.5424, 3.7608
5.5691, 3.4786
5.5957, 3.6145
5.6224, 3.5465
5.7023, 3.4522
5.7556, 3.5913
5.7556, 3.4914
6.0754, 3.5929
6.1020, 3.3866
6.2619, 3.6736
6.2619, 3.4114
6.2619, 3.5089
6.2885, 3.7280
6.3418, 3.5641
6.3685, 3.6472
6.5017, 3.4914
6.5284, 3.4410
6.5817, 3.5017
6.6882, 3.3970
6.7149, 3.4306
6.7149, 3.6217
6.7415, 3.4890
6.7415, 3.5481
6.7682, 3.6912
6.7682, 3.7240
6.8481, 3.5097
6.9014, 3.5441
7.0346, 3.2763
7.1679, 3.6233
7.2212, 3.6089
7.2212, 3.4682
7.4343, 3.5065
7.4610, 3.5785
7.6209, 3.4842
7.6475, 3.5689
7.6475, 3.5833
7.7274, 3.5769
7.8074, 3.5609
7.8873, 3.4106
8.0472, 3.4578
8.1005, 3.4442
8.1538, 3.6920
8.3936, 3.4842
8.5002, 3.5457
8.5801, 3.6664
8.6601, 3.5633
8.6867, 3.6352
8.9265, 3.5593
9.0331, 3.7096
9.0864, 3.5393
9.3262, 3.4482
9.4328, 3.6744
9.4595, 3.7088
9.5660, 3.5617
9.6726, 3.5401
9.6726, 3.5657
9.6993, 3.5249
9.7792, 3.4874
9.7792, 3.6289
9.9391, 3.6113
9.9924, 3.7088
10.019, 3.4834
10.126, 3.5601
10.126, 3.7456
10.126, 3.5225
10.312, 3.6217
10.445, 3.5729
10.659, 3.5801
10.712, 3.5713
10.738, 3.5617
10.792, 3.5873
11.005, 3.5441
11.032, 3.6440
11.085, 3.5609
11.138, 3.4874
11.191, 3.5489
11.218, 3.6344
11.325, 3.7368
11.351, 3.5249
11.378, 3.5537
11.378, 3.6432
11.378, 3.8191
11.485, 3.6113
11.591, 3.5305
11.644, 3.6752
11.751, 3.6480
11.858, 3.5921
11.884, 3.6752
11.884, 3.6065
11.911, 3.6201
11.964, 3.5681
11.964, 3.6376
12.097, 3.6065
12.231, 3.6400
12.284, 3.6145
12.311, 3.7040
12.337, 3.5929
12.417, 3.5849
12.550, 3.6121
12.764, 3.5401
12.844, 3.6209
12.870, 3.5705
12.870, 3.7096
12.897, 3.6592
13.003, 3.5753
13.030, 3.6536
13.057, 3.7911
13.083, 3.6097
13.083, 3.6472
13.110, 3.5985
13.376, 3.6217
13.403, 3.6336
13.536, 3.6105
13.590, 3.5729
13.696, 3.8439
13.723, 3.7632
13.776, 3.8135
13.856, 3.5249
13.963, 3.7400
13.963, 3.6049
14.069, 3.7328
14.149, 3.6792
14.309, 3.8239
14.442, 3.7727
14.469, 3.7240
14.496, 3.7392
14.549, 3.7056
14.549, 3.6193
14.815, 3.7999
14.842, 3.6680
14.895, 3.7080
14.922, 3.4898
15.135, 3.5281
15.162, 3.7496
15.215, 3.6696
15.215, 3.6880
15.215, 3.6145
15.242, 3.7128
15.295, 3.7959
15.295, 3.6512
15.322, 3.6017
15.322, 3.7576
15.375, 3.6344
15.375, 3.5225
15.375, 3.7759
15.402, 3.6928
15.455, 3.6440
15.482, 3.5665
15.482, 3.5809
15.508, 3.6105
15.641, 3.8583
15.695, 3.6912
15.748, 3.7264
15.775, 3.6313
15.828, 3.6440
15.855, 3.5833
15.988, 3.4690
16.014, 3.5889
16.014, 3.7983
16.094, 3.6936
16.121, 3.6400
16.201, 3.7272
16.281, 3.5961
16.281, 3.6824
16.308, 3.6952
16.414, 3.7951
16.414, 3.6744
16.547, 3.5969
16.601, 3.7312
16.627, 3.6169
16.787, 3.6688
16.920, 3.5969
16.920, 3.7703
16.947, 3.6041
17.240, 3.7608
17.267, 3.7759
17.347, 3.7064
17.453, 3.7648
17.533, 3.6648
17.533, 3.7488
17.533, 3.7064
17.560, 3.6057
17.746, 3.6808
17.773, 3.6201
17.773, 3.7400
17.853, 3.6952
17.906, 3.7839
17.960, 3.5217
17.986, 3.6792
17.986, 3.8263
18.040, 3.7320
18.279, 3.6081
18.386, 3.8239
18.413, 3.6129
18.466, 3.7791
18.493, 3.4866
18.546, 3.7680
18.573, 3.6281
18.626, 3.7560
18.652, 3.6520
18.679, 3.7432
18.679, 3.6960
18.759, 3.8295
18.946, 3.6416
18.972, 3.5049
19.026, 3.7735
19.026, 3.5865
19.052, 3.6025
19.105, 3.6936
19.105, 3.6640
19.185, 3.8567
19.212, 3.7352
19.452, 3.7735
19.452, 3.8055
19.505, 3.7440
19.532, 3.6912
19.558, 3.7544
19.692, 3.6336
19.985, 3.6776
19.985, 3.7128
20.038, 3.6888
20.091, 3.6512
20.091, 3.7863
20.118, 3.6608
20.145, 3.7272
20.331, 3.6289
20.384, 3.6976
20.411, 3.6728
20.411, 3.8119
20.411, 3.7208
20.491, 3.6584
20.518, 3.6848
20.571, 3.8487
20.571, 3.8607
20.624, 3.7464
20.624, 3.8223
20.704, 3.7640
20.731, 3.7384
20.784, 3.8119
20.837, 3.7360
20.917, 3.7911
20.944, 3.6856
21.104, 3.7464
21.104, 3.8311
21.211, 3.6368
21.211, 3.7248
21.317, 3.8063
21.397, 3.5121
21.504, 3.7024
21.530, 3.6936
21.690, 3.7032
21.717, 3.6960
21.743, 3.8015
21.743, 3.7112
21.877, 3.7440
21.903, 3.6704
21.957, 3.6496
21.983, 3.5353
22.037, 3.8559
22.116, 3.6744
22.116, 3.7200
22.223, 3.7360
22.223, 3.9614
22.410, 3.7448
22.463, 3.7008
22.463, 3.7416
22.490, 3.5993
22.889, 3.7192
23.209, 3.7240
23.342, 3.7783
23.422, 3.7640
23.475, 3.7272
23.502, 3.6424
23.582, 3.6289
23.662, 3.7640
23.742, 3.8535
23.769, 3.7200
23.875, 3.8423
23.955, 3.7504
24.088, 3.7672
24.115, 3.6472
24.115, 3.8343
24.142, 3.7416
24.142, 3.6952
24.355, 3.9015
24.408, 3.7240
24.435, 3.8247
24.541, 3.8375
24.595, 3.7080
24.621, 3.8479
24.621, 3.8183
24.675, 3.6808
24.701, 3.6169
24.728, 3.7592
24.754, 3.7016
24.781, 3.8959
24.994, 3.8479
25.021, 3.7959
25.128, 3.7703
25.181, 3.6496
25.234, 3.8831
25.261, 3.7160
25.261, 3.7703
25.341, 3.6656
25.527, 3.7280
25.527, 3.9262
25.607, 3.6736
25.607, 3.7496
25.660, 3.7280
25.687, 3.7216
25.687, 3.8039
25.820, 3.6313
25.874, 3.6440
25.874, 3.8375
25.900, 3.7719
25.900, 3.8151
26.060, 3.6057
26.087, 3.8311
26.113, 3.7096
26.167, 3.6336
26.193, 3.8559
26.273, 3.7016
26.300, 3.7472
26.327, 3.8799
26.327, 3.7991
26.327, 3.7903
26.380, 3.6696
26.407, 3.7376
26.513, 3.7807
26.593, 3.9446
26.620, 3.6320
26.753, 3.7847
26.753, 3.7352
26.780, 3.6760
26.780, 3.6608
26.913, 3.8167
26.913, 3.6968
27.046, 3.6608
27.073, 3.8351
27.259, 3.9134
27.499, 3.7120
27.899, 3.7975
28.032, 3.8191
28.032, 3.7807
28.219, 3.7895
28.298, 3.8015
28.352, 3.6552
28.378, 3.8271
28.405, 3.7783
28.565, 3.6784
28.751, 3.8655
28.858, 3.7887
28.858, 3.7831
28.858, 3.6344
28.885, 4.0014
28.965, 3.8575
29.231, 3.7783
29.231, 3.9214
29.284, 3.7839
29.498, 3.7024
29.737, 3.9446
29.791, 3.7208
29.817, 3.7991
29.844, 3.7416
29.897, 3.7616
29.924, 3.6784
29.951, 3.7024
30.004, 3.7456
30.030, 3.7927
30.244, 3.7448
30.244, 3.8887
30.483, 3.7895
30.617, 3.7344
30.670, 3.6696
30.723, 3.8743
30.750, 3.7048
30.777, 3.8831
30.856, 3.8215
30.856, 3.8791
30.990, 3.6416
31.016, 3.9678
31.070, 3.7903
31.096, 3.7975
31.123, 3.7344
31.150, 3.8143
31.176, 3.8255
31.176, 3.8999
31.176, 3.8447
31.176, 3.8503
31.203, 3.6904
31.416, 3.8223
31.416, 3.9286
31.469, 3.9350
31.656, 3.8535
31.656, 3.7711
31.683, 3.8479
31.709, 3.9126
31.709, 3.7360
31.736, 3.8319
31.762, 2.9086
31.789, 3.8847
31.869, 3.8911
31.869, 4.0134
32.109, 3.8175
32.189, 3.8567
32.215, 3.8615
32.295, 3.8607
32.375, 3.8143
32.375, 3.9662
32.375, 3.6448
32.455, 3.7791
32.562, 3.7703
32.562, 3.8415
32.562, 3.8703
32.642, 3.8807
32.668, 3.7608
32.695, 3.7256
32.722, 3.8919
32.722, 3.6616
32.855, 3.6888
33.095, 3.9574
33.121, 3.8863
33.255, 3.7959
33.388, 3.9614
33.415, 3.7480
33.654, 3.8263
33.654, 3.9366
33.761, 3.7863
33.761, 3.8599
33.814, 3.8823
33.868, 3.7991
33.921, 3.6976
33.974, 3.7080
34.001, 3.7775
34.081, 3.8943
34.081, 3.8783
34.081, 3.8671
34.107, 3.9454
34.161, 3.8495
34.267, 3.8431
34.400, 3.8807
34.454, 3.8535
34.560, 3.7192
34.720, 3.9470
34.747, 3.8567
34.774, 3.9894
34.774, 3.9134
34.933, 3.7967
35.093, 3.7320
35.173, 3.7456
35.226, 3.7919
35.253, 3.8367
35.280, 3.7616
35.306, 3.8583
35.333, 3.7248
35.440, 3.7336
35.466, 3.7711
35.466, 3.5833
35.733, 3.8935
35.866, 3.9286
35.866, 3.7416
35.919, 3.7288
35.946, 3.8335
36.026, 3.9326
36.186, 3.8263
36.212, 3.7855
36.266, 3.7991
36.292, 3.8735
36.399, 3.7512
36.399, 3.9254
36.426, 3.8663
36.532, 3.9454
36.532, 3.7727
36.585, 3.8711
36.692, 3.9246
36.692, 3.9798
36.719, 3.9102
36.799, 3.7616
36.879, 3.9222
36.905, 3.8431
36.985, 3.8303
37.065, 3.7032
37.092, 3.6504
37.118, 3.9302
37.145, 3.9862
37.198, 3.8903
37.411, 3.7272
37.411, 3.7863
37.411, 3.7759
37.411, 3.9790
37.465, 3.9086
37.545, 3.7616
37.705, 3.8511
37.758, 3.9023
37.758, 3.7232
37.811, 3.8911
37.971, 3.9230
37.998, 3.9366
37.998, 3.8775
38.051, 3.8479
38.184, 3.7927
38.291, 3.8455
38.424, 3.9454
38.584, 3.9646
38.850, 3.8199
38.850, 3.7879
39.037, 3.9358
39.037, 3.8487
39.090, 3.9638
39.170, 3.8471
39.223, 3.7272
39.250, 3.8215
39.277, 3.8911
39.303, 3.8119
39.357, 3.7608
39.437, 3.9302
39.437, 3.8303
39.490, 3.8639
39.490, 3.8823
39.543, 3.9694
39.543, 3.9390
39.570, 3.9478
39.623, 3.8815
39.756, 3.8287
39.890, 3.9063
39.943, 3.9414
39.996, 3.8959
40.049, 3.9774
40.076, 3.7496
40.209, 3.8447
40.289, 3.8335
40.396, 3.7871
40.396, 3.9886
40.396, 3.9222
40.556, 3.7791
40.636, 3.7711
40.662, 3.6752
40.796, 3.8215
40.982, 3.8687
41.062, 3.7624
41.089, 3.9390
41.169, 3.9526
41.169, 3.9574
41.169, 3.7855
41.302, 3.8991
41.408, 3.7504
41.462, 3.8471
41.488, 3.8967
41.515, 3.6185
41.781, 3.9638
41.968, 3.8639
42.021, 3.7656
42.208, 3.8647
42.261, 4.0286
42.421, 3.8087
42.528, 3.8255
42.687, 3.8823
42.767, 3.8399
42.821, 3.8183
42.847, 3.9590
42.874, 3.7472
42.927, 3.8087
42.927, 3.8327
42.954, 3.8895
43.007, 3.7983
43.034, 3.8631
43.167, 3.8055
43.247, 3.7783
43.300, 3.9318
43.354, 3.9007
43.354, 3.7895
43.354, 3.9614
43.380, 3.8487
43.460, 4.0006
43.753, 3.9206
43.860, 3.9166
43.940, 3.8767
43.940, 3.9574
44.073, 3.9806
44.126, 3.8839
44.153, 3.7536
44.206, 3.8911
44.233, 3.8711
44.233, 3.8991
44.419, 3.6696
44.446, 3.9646
44.526, 3.8695
44.526, 3.9854
44.633, 3.7072
44.659, 3.8719
44.659, 3.9206
44.686, 3.8031
44.686, 3.9654
44.713, 3.8375
44.739, 3.8327
44.872, 3.9374
44.952, 3.9494
44.979, 3.9646
45.032, 3.8847
45.086, 4.0222
45.086, 3.8775
45.325, 3.9550
45.325, 3.9766
45.352, 4.0517
45.379, 3.9838
45.539, 3.8087
45.672, 3.6648
45.699, 3.9942
45.699, 4.0422
45.725, 3.8399
45.778, 3.9190
45.832, 3.9790
45.832, 3.9638
45.912, 3.9854
45.938, 3.7855
45.938, 3.8279
46.072, 3.8927
46.125, 3.9254
46.205, 3.8807
46.285, 3.9358
46.631, 3.7903
46.924, 3.9110
46.924, 3.9934
47.084, 3.9918
47.084, 3.7959
47.137, 3.7520
47.191, 3.9390
47.431, 3.8879
47.457, 3.8391
47.510, 3.8919
47.510, 3.8271
47.537, 3.7640
47.564, 3.7352
47.670, 3.9086
47.697, 3.9918
47.697, 3.8639
47.697, 3.9382
47.777, 3.9254
47.804, 3.8495
47.804, 3.8703
47.830, 3.7959
47.857, 3.9502
48.017, 3.9015
48.416, 3.8039
48.443, 3.9374
48.496, 3.8231
48.576, 3.9566
48.576, 3.9358
48.576, 3.8767
48.843, 4.0589
48.896, 3.9262
48.896, 3.9982
48.923, 3.8639
48.949, 3.7959
49.003, 3.8127
49.083, 3.7488
49.136, 3.9262
49.216, 3.9318
49.216, 3.9838
49.242, 3.8199
49.376, 3.8823
49.402, 3.7783
49.429, 3.8303
49.509, 3.8879
49.509, 3.8943
49.536, 3.9406
49.589, 3.9910
49.695, 3.9134
49.829, 3.9390
49.909, 3.9630
49.989, 3.9806
49.989, 3.7879
50.015, 4.0390
50.175, 3.9710
50.175, 3.8807
50.175, 3.8903
50.228, 3.9590
50.282, 3.9494
50.308, 3.9798
50.335, 3.8983
50.362, 3.9662
50.362, 3.8455
50.362, 3.8855
50.442, 3.9582
50.548, 3.8735
50.681, 3.8215
50.681, 3.9270
50.708, 3.9031
50.788, 3.9622
50.788, 3.8983
50.895, 3.9094
50.948, 3.9702
51.028, 3.9910
51.054, 3.8727
51.134, 3.8143
51.134, 3.7807
51.214, 4.0485
51.241, 3.9934
51.268, 3.8911
51.294, 4.0661
51.321, 3.9686
51.321, 3.8479
51.321, 3.7783
51.454, 3.6992
51.454, 3.7767
51.481, 3.9430
51.694, 3.9422
51.747, 3.9198
51.801, 3.7424
51.827, 3.8855
52.040, 3.9198
52.147, 4.0078
52.174, 3.8151
52.174, 3.9182
52.200, 3.8599
52.280, 3.9110
52.307, 4.0318
52.360, 3.9454
52.493, 3.9078
52.600, 4.0230
52.653, 3.9182
52.680, 4.0070
52.813, 3.9486
52.840, 3.9390
52.946, 3.7767
52.973, 3.9822
53.053, 3.9350
53.106, 4.0238
53.213, 4.0701
53.293, 3.9710
53.319, 3.9462
53.399, 3.9590
53.479, 3.9550
53.479, 3.8999
53.559, 3.8815
53.692, 3.7352
53.692, 3.9710
53.799, 4.0390
53.799, 3.8927
53.826, 4.0022
53.852, 4.0597
53.879, 3.8759
54.119, 3.9382
54.199, 3.7839
54.199, 3.9862
54.225, 3.8879
54.279, 3.9926
54.305, 3.9318
54.332, 3.8063
54.385, 3.8655
54.439, 4.1085
54.465, 3.9230
54.465, 3.8319
54.545, 3.8935
54.678, 3.7879
54.678, 4.0453
54.705, 3.9654
54.785, 4.0206
54.838, 3.8039
54.865, 4.0557
54.971, 3.9694
55.025, 3.9918
55.051, 4.0086
55.131, 4.0493
55.158, 4.0198
55.291, 3.9326
55.398, 3.9047
55.478, 3.8831
55.504, 3.9934
55.558, 3.8391
55.611, 3.8967
55.718, 3.8431
55.718, 3.9598
55.904, 4.0749
56.064, 3.8679
56.064, 3.9726
56.144, 3.9422
56.277, 4.0166
56.304, 3.9990
56.304, 4.0062
56.330, 3.6928
56.384, 3.9206
56.384, 4.0422
56.410, 3.9814
56.410, 4.0374
56.624, 4.0062
56.650, 3.9023
56.757, 3.9534
56.783, 3.9150
56.917, 4.0078
56.997, 3.9142
57.103, 3.7480
57.130, 3.8887
57.156, 3.8575
57.156, 4.0621
57.183, 4.0182
57.183, 4.0445
57.236, 4.0262
57.450, 3.9382
57.530, 3.8759
57.636, 4.0326
57.636, 3.9510
57.716, 3.9007
57.743, 4.0366
57.823, 4.1125
57.929, 3.9814
57.929, 4.0246
57.956, 4.0525
58.062, 4.0334
58.142, 3.8143
58.142, 3.9982
58.196, 3.8399
58.276, 3.9406
58.356, 3.9478
58.409, 3.7983
58.462, 3.7384
58.462, 4.1333
58.515, 3.8943
58.542, 4.0861
58.622, 3.9015
59.182, 4.0501
59.235, 3.7504
59.262, 4.0917
59.368, 3.9302
59.395, 3.8311
59.421, 3.8967
59.501, 3.9326
59.528, 3.9494
59.555, 4.0062
59.555, 3.9190
59.581, 4.0222
59.581, 3.9894
59.768, 3.9758
59.901, 3.9310
59.981, 4.1277
60.008, 4.0390
60.088, 4.0493
60.088, 4.0206
60.247, 3.7991
60.247, 3.8479
60.567, 3.6840
60.567, 3.8879
60.754, 3.9934
60.860, 4.0110
60.887, 3.8951
60.940, 3.9862
60.967, 3.9758
61.020, 4.0150
61.047, 3.9710
61.047, 3.8991
61.100, 3.9094
61.180, 4.0693
61.180, 4.0054
61.233, 3.9734
61.260, 3.9518
61.420, 3.9190
61.447, 3.9678
61.606, 3.9047
61.633, 3.7344
61.633, 3.8663
61.713, 4.0206
61.953, 4.0374
61.953, 4.0310
61.953, 3.9902
61.953, 4.0046
61.953, 3.9662
61.953, 3.9270
62.033, 3.8711
62.059, 4.1037
62.219, 4.0837
62.246, 3.8703
62.352, 3.9454
62.512, 3.9007
62.566, 4.0589
62.592, 3.9766
62.619, 3.9846
62.726, 4.0070
62.805, 3.8871
62.832, 4.0837
63.072, 3.9750
63.072, 4.0062
63.099, 3.9462
63.152, 3.9830
63.179, 4.0318
63.232, 3.8567
63.338, 3.9126
63.418, 4.0677
63.445, 3.9702
63.472, 3.9734
63.578, 3.9334
63.605, 3.9406
63.658, 4.0869
63.791, 3.8375
63.818, 3.7536
64.005, 4.0222
64.031, 3.9342
64.058, 3.9430
64.085, 3.7975
64.271, 3.9630
64.351, 4.0533
64.404, 3.9086
64.431, 4.0749
64.431, 3.9630
64.564, 3.8951
64.591, 3.9126
64.697, 4.1245
64.857, 4.0981
64.884, 4.0286
64.911, 3.9015
65.017, 4.0861
65.017, 4.0366
65.150, 4.0485
65.230, 3.9007
65.390, 3.9238
65.390, 3.8799
65.443, 3.9686
65.550, 4.0613
65.577, 4.0709
65.603, 3.9950
65.603, 3.9518
65.630, 4.0422
65.683, 3.9894
65.710, 3.8247
65.737, 4.0725
66.030, 3.9654
66.110, 3.9902
66.110, 4.0661
66.136, 3.8103
66.216, 3.9438
66.243, 3.8551
66.349, 4.0565
66.589, 4.0877
66.776, 3.9470
66.909, 3.9734
66.936, 3.8239
67.042, 3.9446
67.069, 4.0493
67.069, 4.0278
67.122, 3.7000
67.229, 3.8631
67.255, 3.9814
67.282, 4.1013
67.335, 3.9350
67.549, 4.0501
67.575, 4.0757
67.628, 4.0318
67.682, 4.0046
67.842, 4.1005
67.895, 4.0957
68.135, 4.0797
68.161, 4.0374
68.215, 4.0965
68.401, 3.8831
68.455, 3.8159
68.614, 3.9582
68.774, 3.9958
68.828, 3.8751
68.854, 4.0398
68.961, 3.9382
69.121, 3.8911
69.174, 4.1149
69.201, 3.9278
69.281, 4.0070
69.360, 4.0669
69.627, 4.0901
69.654, 4.0326
69.680, 4.1013
69.734, 3.9782
69.734, 3.8815
69.867, 3.7799
70.053, 3.8247
70.080, 4.1725
70.160, 4.0062
70.213, 3.9502
70.213, 4.0390
70.400, 4.1069
70.426, 3.9055
70.480, 4.0166
70.506, 4.0366
70.959, 4.0901
71.066, 4.0685
71.093, 4.0445
71.119, 4.1397
71.226, 3.9958
71.279, 4.0725
71.332, 4.0957
71.466, 3.9063
71.599, 4.0406
71.785, 3.9958
71.839, 3.8615
71.839, 4.0797
71.919, 4.0342
71.945, 3.9470
72.025, 3.8535
72.025, 4.0653
72.078, 3.8663
72.158, 3.9182
72.265, 3.9286
72.345, 3.9414
72.345, 4.0238
72.345, 4.0398
72.451, 3.9198
72.505, 3.9086
72.505, 4.0501
72.531, 4.0318
72.585, 4.0749
72.665, 4.0438
72.771, 3.9862
72.798, 4.0086
72.931, 4.0326
72.958, 3.9630
73.038, 4.0430
73.064, 3.9078
73.171, 4.1701
73.198, 3.9398
73.224, 4.0134
73.278, 3.9302
73.464, 4.0158
73.491, 3.9974
73.544, 3.9422
73.571, 4.0070
73.730, 4.0422
73.730, 4.0358
73.784, 4.0198
73.784, 4.0813
73.917, 4.0717
73.944, 4.1253
73.970, 3.9646
73.970, 4.0062
73.970, 4.0318
73.997, 4.0853
74.157, 4.0853
74.157, 4.0709
74.370, 4.0557
74.397, 3.8751
74.423, 4.0669
74.450, 3.9007
74.477, 4.0206
74.663, 4.1157
74.690, 4.0717
74.770, 4.0669
74.823, 4.0334
74.983, 4.0334
75.036, 4.0549
75.063, 3.9790
75.089, 3.9150
75.116, 3.8831
75.169, 3.9318
75.196, 4.0749
75.223, 4.0541
75.409, 3.9670
75.463, 3.9974
75.463, 4.0501
75.569, 4.1029
75.676, 4.0198
75.729, 4.0805
75.729, 4.1253
75.756, 4.0725
75.782, 3.9166
75.782, 4.0358
75.862, 4.0118
75.862, 4.0214
75.942, 4.0469
76.235, 4.0821
76.448, 3.9622
76.528, 3.9862
76.582, 4.0238
76.635, 3.9358
76.901, 3.8367
76.981, 4.1501
77.061, 4.0669
77.195, 4.0246
77.248, 4.1453
77.301, 3.9310
77.301, 4.0541
77.301, 4.1149
77.301, 3.9550
77.328, 4.1005
77.541, 4.0214
77.621, 4.0509
77.648, 3.8455
77.834, 4.0142
77.834, 4.0877
77.861, 4.0382
77.941, 3.8175
77.967, 4.0765
78.100, 4.0350
78.154, 3.9494
78.287, 3.9686
78.340, 4.1429
78.394, 4.0461
78.394, 4.0030
78.447, 4.1757
78.580, 4.1709
78.580, 4.1341
78.580, 4.1189
78.660, 4.0230
78.687, 4.0997
78.713, 4.0749
78.767, 3.9910
78.847, 4.0629
78.847, 4.0014
79.140, 4.0438
79.140, 4.0078
79.166, 4.0669
79.273, 3.9758
79.273, 4.0781
79.273, 4.1405
79.353, 4.0573
79.380, 3.9478
79.513, 4.0086
79.593, 4.1693
79.619, 4.0222
79.699, 4.1797
79.699, 4.0885
79.779, 3.9902
79.806, 4.1661
79.912, 3.9518
