8.624447695467800656e-01,7.467684987275263753e-03
1.802286060498591524e+00,2.590651106317798380e-02
2.233046652184835779e+00,4.635305962888192771e-02
2.575697122844349707e+00,6.683304490524147323e-02
2.849817499371962271e+00,8.836628656724210273e-02
3.172887943136647237e+00,1.124741549496991455e-01
3.466588346559088762e+00,1.381911650324419150e-01
3.740708723086701326e+00,1.661902306174074251e-01
3.975669045824655967e+00,1.932238111822016102e-01
4.254684429075975771e+00,2.197307635541752568e-01
4.528804805603581229e+00,2.486075427938419513e-01
4.817610202302315514e+00,2.758793599220550896e-01
4.946838379808195185e+00,2.974259762683179042e-01
5.228790767093730807e+00,3.191130267993326775e-01
5.408274346963008128e+00,3.407967336592821472e-01
5.659551358779982166e+00,3.646412879453290734e-01
5.933671735307594730e+00,3.908849262208923259e-01
6.168632058045549371e+00,4.154107534865405515e-01
6.413382394230911387e+00,4.405050048333285506e-01
6.687502770758523951e+00,4.639107022920249124e-01
6.961623147286136515e+00,4.864972003396668687e-01
7.304273617945650443e+00,5.112194682804148682e-01
7.601237359183901532e+00,5.335426522316465414e-01
7.875357735711514096e+00,5.515650392748427944e-01
8.149478112239119554e+00,5.692363408561584848e-01
8.332225029924192228e+00,5.853862721026590332e-01
8.674875500583706156e+00,6.039938015823226314e-01
9.086056065375128554e+00,6.239354558171319454e-01
9.360176441902741118e+00,6.400853870636324938e-01
9.771357006694156411e+00,6.559544499406285700e-01
1.018253757148557170e+01,6.729235805981833574e-01
1.066224823040889547e+01,6.898341970120914768e-01
1.116153891622704819e+01,7.063101361874809525e-01
1.169019964238743725e+01,7.246267662844436686e-01
1.237550058370646511e+01,7.419200394209386484e-01
1.312933161915739433e+01,7.601089402959236851e-01
1.395169274874023202e+01,7.749317458414908266e-01
1.491111406658687244e+01,7.918446601941749874e-01
1.607612566682922406e+01,8.084282232610174868e-01
1.744672754946727977e+01,8.232510288065846282e-01
1.895438962036914532e+01,8.364572096368215748e-01
2.046205169127100376e+01,8.486860242119144138e-01
2.196971376217286931e+01,8.555331815094493475e-01
2.347737583307473486e+01,8.620552159494988542e-01
2.498503790397660040e+01,8.671837032678458845e-01
2.649269997487845885e+01,8.716215072868416236e-01
2.800036204578032439e+01,8.744988754221575400e-01
2.950802411668218994e+01,8.773762435574735674e-01
3.101568618758404838e+01,8.795534103516845503e-01
3.252334825848591038e+01,8.808076477440017760e-01
3.403101032938776882e+01,8.820618851363190016e-01
3.553867240028964147e+01,8.833161225286362273e-01
3.704633447119149992e+01,8.844877275693531216e-01
3.855399654209337257e+01,8.855747333093613172e-01
4.006165861299523101e+01,8.864197530864199592e-01
4.156932068389708945e+01,8.864197530864199592e-01
4.307698275479896211e+01,8.865391859728430912e-01
4.458464482570082055e+01,8.877038349799948325e-01
4.609230689660267899e+01,8.888684839871464627e-01
4.759996896750455164e+01,8.888888888888890616e-01
4.910763103840641008e+01,8.888888888888890616e-01
5.061529310930826853e+01,8.897806237072689584e-01
5.212295518021014118e+01,8.910348610995862950e-01
5.363061725111199962e+01,8.913580246913582750e-01
5.513827932201387227e+01,8.913580246913582750e-01
5.664594139291573072e+01,8.913580246913582750e-01
5.815360346381758916e+01,8.915594101318663478e-01
5.966126553471946181e+01,8.923358428033008050e-01
6.116892760562132025e+01,8.931122754747352621e-01
6.267658967652317870e+01,8.938271604938273773e-01
6.418425174742505135e+01,8.938271604938273773e-01
6.569191381832690979e+01,8.938271604938273773e-01
6.719957588922876823e+01,8.938271604938273773e-01
6.870723796013064089e+01,8.938271604938273773e-01
7.021490003103249933e+01,8.932806694234689537e-01
7.172256210193437198e+01,8.922616015422112357e-01
7.323022417283623042e+01,8.907894534647503582e-01
7.473788624373808887e+01,8.857725038954814556e-01
7.624554831463996152e+01,8.800659235287069393e-01
7.775321038554181996e+01,8.702828718686326237e-01
7.919234236231177704e+01,8.571297295137643157e-01
8.042588405668603002e+01,8.428569526016490565e-01
8.138530537453267755e+01,8.300781093931040022e-01
8.220766650411550813e+01,8.144282632146713219e-01
8.296149753956643735e+01,7.960850413520318414e-01
8.364679848088546521e+01,7.808741859443045774e-01
8.426356932807259170e+01,7.657650458801122939e-01
8.476612335170653978e+01,7.512716360133359084e-01
8.522299064591923923e+01,7.380958088617204371e-01
8.577123139897446435e+01,7.209037516480882868e-01
8.631947215202967527e+01,7.030511273589307164e-01
8.679918281095299903e+01,6.857578542224357365e-01
8.721036337574442143e+01,6.701510135644258570e-01
8.762154394053582962e+01,6.540676281534997250e-01
8.803272450532725202e+01,6.382225151190317192e-01
8.844390507011867442e+01,6.224965382727927210e-01
8.885508563491008260e+01,6.065322890500957076e-01
8.926626619970150500e+01,5.906871760156278128e-01
8.967744676449292740e+01,5.737698372870980723e-01
9.008862732928433559e+01,5.554228642998193521e-01
9.049980789407575799e+01,5.368376189360823947e-01
9.091098845886718038e+01,5.182523735723455482e-01
9.132216902365858857e+01,5.000245367732958357e-01
9.173334958845001097e+01,4.813201552213298151e-01
9.214453015324143337e+01,4.623775012929056683e-01
9.255571071803284156e+01,4.434348473644815214e-01
9.296689128282426395e+01,4.258026915065772910e-01
9.337807184761567214e+01,4.081705356486730607e-01
9.378925241240709454e+01,3.894661540967070956e-01
9.420043297719851694e+01,3.708809087329701937e-01
9.461161354198992512e+01,3.532487528750659633e-01
9.502279410678134752e+01,3.369270950876816495e-01
9.543397467157276992e+01,3.208437096767555730e-01
9.584515523636417811e+01,3.033306900070803502e-01
9.625633580115560051e+01,2.856985341491760089e-01
9.666751636594700869e+01,2.687811954206462683e-01
9.714722702487033246e+01,2.517447205038874647e-01
9.769546777792557180e+01,2.335168837048378354e-01
9.824370853098078271e+01,2.157358076116473178e-01
9.879194928403599363e+01,1.981334358008003393e-01
9.934019003709123297e+01,1.809778246958123893e-01
9.988843079014644388e+01,1.654901202260316007e-01
1.007107919197292887e+02,1.455050246506030820e-01
1.016016831434440206e+02,1.270806131409753237e-01
1.023555141788949499e+02,1.100917926995081259e-01
1.031778753084777946e+02,9.460408822972744824e-02
1.041372966263244422e+02,7.884832733643122593e-02
1.053023082265667796e+02,6.239760534513202200e-02
1.066729101092048353e+02,4.698210462579325425e-02
1.081805721801066937e+02,3.444031317404070563e-02
1.096882342510085806e+02,2.508270711677459616e-02
1.111958963219104390e+02,1.819446932462022437e-02
1.127035583928122975e+02,1.345068292058972277e-02
1.142112204637141559e+02,9.811613898319450355e-03
1.157188825346160144e+02,7.342245633207493231e-03
1.172265446055178728e+02,5.912611374458534401e-03
1.187342066764197597e+02,4.872877368095751213e-03
1.202418687473216181e+02,3.703176610937434186e-03
1.217495308182234766e+02,3.703176610937434186e-03
1.232571928891253350e+02,3.573209860141899046e-03
1.243536743952357853e+02,2.273542352188474489e-03
