1.992920500533035266e-01,8.732209427747409866e-03
4.488858068455865435e-01,2.532014369971400530e-02
5.448834056118503355e-01,4.740698147018086728e-02
6.216814846248599480e-01,7.117940451570758942e-02
6.984795636378695605e-01,9.586077798259759475e-02
7.880773224863819593e-01,1.208034952415248386e-01
8.136766821573857555e-01,1.416477172460775813e-01
8.559156256145410424e-01,1.636627265655253294e-01
8.943146651210458487e-01,1.876639487044584054e-01
9.327137046275506549e-01,2.115093507711577614e-01
9.711127441340554611e-01,2.359780331267917752e-01
1.009511783640560267e+00,2.596676151212575223e-01
1.047910823147065074e+00,2.835130171879567396e-01
1.086309862653571656e+00,3.078258794713571445e-01
1.124708902160076462e+00,3.322945618269914081e-01
1.163107941666583045e+00,3.572307043993266373e-01
1.201506981173087851e+00,3.821668469716617000e-01
1.239906020679592658e+00,4.072588096162306215e-01
1.274465156235445207e+00,4.301687981480334932e-01
1.309024291791299532e+00,4.530787866798361430e-01
1.351263235248456596e+00,4.806903335936775767e-01
1.402461954590462412e+00,5.083549711017504302e-01
1.439581026113417650e+00,5.313172283919606054e-01
1.466460353767971014e+00,5.527069850164960663e-01
1.504859393274475821e+00,5.710207745188992101e-01
1.543258432780980627e+00,5.891397889310103775e-01
1.581657472287487209e+00,6.072588033431214338e-01
1.620056511793992016e+00,6.249882675746482041e-01
1.658455551300496822e+00,6.429125068964672840e-01
1.708374302658953070e+00,6.630197065340411866e-01
1.735253630313506434e+00,6.826564873459474159e-01
1.773652669820011241e+00,7.011650519386427582e-01
1.858679114441558866e+00,7.228516556628131751e-01
1.940048507681533252e+00,7.463093155877411622e-01
2.016846586694542864e+00,7.681339877303465791e-01
2.080844985872053243e+00,7.896323910508170618e-01
2.176842584638315259e+00,8.086677524067076295e-01
2.292039703157829678e+00,8.273809541195831230e-01
2.400836981759594480e+00,8.463770924570443999e-01
2.560832979703365098e+00,8.662448294515099345e-01
2.772027696989143308e+00,8.838139460399294656e-01
3.021621453781426325e+00,9.012640715148058090e-01
3.328813769833466552e+00,9.186277599408859684e-01
3.712804164898518167e+00,9.331570146904122343e-01
4.135193599470074588e+00,9.454918227183913837e-01
4.557583034041629233e+00,9.533202959599741400e-01
4.979972468613185654e+00,9.593452320213687878e-01
5.402361903184740299e+00,9.642225659712235775e-01
5.824751337756296721e+00,9.675498545233086611e-01
6.247140772327853142e+00,9.708771430753939669e-01
6.669530206899407787e+00,9.741030835576935942e-01
7.091919641470964208e+00,9.756437566765436831e-01
7.514309076042520630e+00,9.765762684119083659e-01
7.936698510614077051e+00,9.766280953363957185e-01
8.359087945185629920e+00,9.773084681778426708e-01
8.781477379757186341e+00,9.787250707804958649e-01
9.203866814328742763e+00,9.799608514745029586e-01
9.626256248900299184e+00,9.811044989415230733e-01
1.004864568347185561e+01,9.817952054189551525e-01
1.047103511804340847e+01,9.818470323434423941e-01
1.089342455261496490e+01,9.818988592679298577e-01
1.131581398718652132e+01,9.819506861924169883e-01
1.173820342175807774e+01,9.823803680346615552e-01
1.216059285632963416e+01,9.834557767177732890e-01
1.258298229090119058e+01,9.845311854008849117e-01
1.300537172547274345e+01,9.846119816204277342e-01
1.342776116004429987e+01,9.846638085449149758e-01
1.385015059461585629e+01,9.847156354694021063e-01
1.427254002918741271e+01,9.857653354707546223e-01
1.469492946375896913e+01,9.868407441538664671e-01
1.511731889833052200e+01,9.873251039729253886e-01
1.553970833290207842e+01,9.873769308974126302e-01
1.596209776747363485e+01,9.874287578219000938e-01
1.638448720204519304e+01,9.874805847463873354e-01
1.680687663661674947e+01,9.875324116708746880e-01
1.722926607118830589e+01,9.875842385953621516e-01
1.765165550575985520e+01,9.876360655198492822e-01
1.807404494033141162e+01,9.876878924443367458e-01
1.849643437490296805e+01,9.863099543726503438e-01
1.891882380947452447e+01,9.845420803929166853e-01
1.934121324404608089e+01,9.825001811275448915e-01
1.976360267861763731e+01,9.776388156106351479e-01
2.018599211318919373e+01,9.708443578785654893e-01
2.060838154776075015e+01,9.624069523514228175e-01
2.103077098233230657e+01,9.509946635793173897e-01
2.143396089715060526e+01,9.359136182366430967e-01
2.177955225270915207e+01,9.187296168014227327e-01
2.208674456876119052e+01,9.023900009721517179e-01
2.237473736505998545e+01,8.829113193825647299e-01
2.262433112185226491e+01,8.658842071630318271e-01
2.283552583913804312e+01,8.507026202114283953e-01
2.302752103667057071e+01,8.369011775281521848e-01
2.321951623420309119e+01,8.192786113736922893e-01
2.341151143173561877e+01,8.006613933416560913e-01
2.358430710951488862e+01,7.822581236100725199e-01
2.373790326754090785e+01,7.658996616264421853e-01
2.389149942556692707e+01,7.489452598588151044e-01
2.404509558359295340e+01,7.296091054864595193e-01
2.419869174161897263e+01,7.086296020127793582e-01
2.431114607160230889e+01,6.922926784912735165e-01
2.446748501816450982e+01,6.715267055023589338e-01
2.462108117619052905e+01,6.521985772550407123e-01
2.476096339153565395e+01,6.359447787357974669e-01
2.490907397248931687e+01,6.162110804810843057e-01
2.507546981035083888e+01,5.940118175922544097e-01
2.521626628854135532e+01,5.737214058605758504e-01
2.533146340706087329e+01,5.569882847418309302e-01
2.544666052558038416e+01,5.399914133101606506e-01
2.556185764409990213e+01,5.232582921914156193e-01
2.567705476261941300e+01,5.067889213855957253e-01
2.579225188113893097e+01,4.900558002668506941e-01
2.591293457673080525e+01,4.724191077776957459e-01
2.605555958061211186e+01,4.536737577796898790e-01
2.617624227620397903e+01,4.356414398211471695e-01
2.629692497179585331e+01,4.177598363271329829e-01
2.643954997567715992e+01,3.991275221775236193e-01
2.657943219102228483e+01,3.791525496198250855e-01
2.671931440636740973e+01,3.588102105548378051e-01
2.687839614146579237e+01,3.402930785039109951e-01
2.707861970460685086e+01,3.201705512390490838e-01
2.723221586263287008e+01,3.025852495206313164e-01
2.738581202065888931e+01,2.836152586593564395e-01
2.750100913917840728e+01,2.663546369147611892e-01
2.771220385646418549e+01,2.480515337118001928e-01
2.790419905399671308e+01,2.297195515188797943e-01
2.809619425152923355e+01,2.101215678239186646e-01
2.828818944906176114e+01,1.917895856309982661e-01
2.849938416634753935e+01,1.729853568334795977e-01
2.872977840338656819e+01,1.548166327456483027e-01
2.896017264042559702e+01,1.380985353789053183e-01
2.920976639721788359e+01,1.209684771933754871e-01
2.949775919351667142e+01,1.034854800719241658e-01
2.982415102932196049e+01,8.673594411302872065e-02
3.020814142438701566e+01,6.962626807878417867e-02
3.063053085895857208e+01,5.450372352567473683e-02
3.105292029353012850e+01,4.319356985939238475e-02
3.147530972810168493e+01,3.368171378123606396e-02
3.189769916267323424e+01,2.675940622998150553e-02
3.232008859724479066e+01,2.134766865275262299e-02
3.274247803181634708e+01,1.708684153192420799e-02
3.316486746638790351e+01,1.390499296397164526e-02
3.358725690095945993e+01,1.187405485241955182e-02
3.400964633553101635e+01,1.027470816201798975e-02
3.443203577010257277e+01,9.394680506866837436e-03
3.479682664541437020e+01,8.534115439536442069e-03
