0.3808878842636467, 0.0009202515520028154
1.0785920023477829, 0.0009202515520028154
1.6689570253420456, 0.0019936425029014604
2.0983134057015143, 0.0009202515520028154
2.474000238516048, 0.008433988208293552
2.903356618875513, 0.019167897717280225
3.1717043566001806, 0.03204858912806441
3.386382546779913, 0.046002671489747016
3.6010607369596492, 0.06317692670412556
3.7083998320495155, 0.08035118191850432
3.815738927139382, 0.09859882808378151
4.030417117319114, 0.11577308329816027
4.1914257599539155, 0.1318739475616404
4.298764855043782, 0.14904820277601916
4.459773497678583, 0.17158941274489115
4.567112592768449, 0.1941306227137629
4.6744516878583156, 0.2166718326826349
4.889129878038048, 0.2435066064551017
4.996468973127918, 0.27034138022756826
5.2111471633076505, 0.29717615400003505
5.6196320529552, 0.32064167284329215
5.843255167725758, 0.3489672673808957
6.104148801624735, 0.3735658100056569
6.365042435523719, 0.40263681492582903
6.663206588551127, 0.44139815481939193
6.961370741578534, 0.4771778531826809
7.334075932862792, 0.5129575515459699
7.594969566761776, 0.5383015045532996
8.00494527717446, 0.5651362783257662
8.377650468458722, 0.5889894105679588
8.899437736256683, 0.6173150051055625
9.272142927540944, 0.636695675052344
9.644848118825202, 0.6516038827037144
10.166635386623167, 0.6694937318853589
10.762963692677978, 0.6844019395367291
11.489738815682287, 0.6967012108491097
12.42150179389294, 0.7078823665876375
13.539617367745716, 0.7128517691380943
15.278908260405593, 0.7227905742390079
17.018199153065474, 0.7277599767894647
18.57113745008322, 0.7321082040211144
20.217252044922034, 0.7321082040211144
21.956542937581908, 0.7345929052963427
23.22995234113646, 0.7383199572091853
24.62759680845243, 0.7389411325279924
26.118417573589475, 0.7420470091220279
27.764532168428282, 0.7432893597596422
29.22429416762497, 0.7439105350784493
30.652997400881297, 0.7451528857160634
31.957465570376208, 0.7463952363536777
33.075581144228984, 0.7457740610348705
34.47322561154496, 0.7457740610348705
35.49816488757667, 0.7457740610348705
36.80263305707158, 0.748258762310099
38.169218758447194, 0.748879937628906
39.28733433229998, 0.7501222882665203
40.90239016119844, 0.7501222882665203
42.610622287917955, 0.7501222882665203
44.039325521174284, 0.7513646389041344
45.7475576478938, 0.7513646389041344
47.36261347679226, 0.7526069895417486
48.66708164628717, 0.7526069895417486
50.033667347662785, 0.7526069895417486
51.74189947438232, 0.7538493401793629
53.35695530328077, 0.7538493401793629
54.90989360029852, 0.7538493401793629
56.6491844929584, 0.755091690816977
58.45059291749898, 0.7563340414545913
60.25200134203958, 0.7594399180486266
61.49435197965377, 0.7600610933674339
63.171525340432936, 0.7600610933674339
65.22140389249637, 0.761303444005048
66.9917535510966, 0.7650304959178906
68.69998567781612, 0.7662728465555049
70.06657137919174, 0.767515197193119
71.55739214432877, 0.7687575478307332
72.9860953775851, 0.7699998984683474
74.47691614272215, 0.7724845997435759
76.24726580132237, 0.77372695038119
77.70702780051906, 0.77372695038119
79.13573103377539, 0.7768328269752256
