3.3727583765927367, 925.4354972049763
3.378952336007556, 1000
4.1169183577159085, 1022.3871552990245
4.514216611609255, 1473.2255113159613
5.0716729589429, 1574.401100347473
5.579577630958001, 905.1712870300165
5.587541293062769, 1000
5.594620103822562, 1092.600861117378
5.613201982067016, 1378.5517595949123
5.618511090136861, 1473.2255113159613
5.62116564417178, 1522.9733635477082
5.623820198206703, 1574.401100347473
5.639747522416238, 1921.5595418694502
5.940596979707413, 828.4555863376472
6.516635205285519, 1117.0610862750605
6.89358187824446, 1247.8254704700207
7.103291647003308, 1720.191997983798
7.466080698442665, 1609.64746228391
7.47758376592733, 1858.7918911465636
7.681984426616333, 2397.7709393694067
8.21731949032563, 1942.9496147158297
8.383671543180748, 1557.0684047537302
8.549138744690895, 1234.0880696075565
8.55444785276074, 1318.840598259994
8.570375176970272, 1609.64746228391
8.588957055214726, 2030.9176209047348
8.592496460594623, 2122.8684221461936
8.741151486550267, 1363.3751835597418
8.911042944785281, 1142.0689062919996
8.953515809344038, 1942.9496147158297
9.332232184992924, 2218.9823414589696
9.671130250117981, 1539.926526059492
9.6773242095328, 1664.0020084710554
9.692366682397362, 2008.559101915297
9.885264275601704, 2243.683212233164
10.043652666352058, 1627.5654480267526
10.0525011798018, 1818.0900273565217
10.057810287871645, 1942.9496147158297
10.406441717791411, 1522.9733635477082
10.417944785276076, 1758.7022033868025
10.581642284096274, 1363.3751835597418
10.597569608305806, 1664.0020084710554
10.772770174610669, 1489.6248995834385
10.787812647475226, 1798.074542738761
10.951510146295428, 1393.8972755249326
10.968322321849934, 1720.191997983798
11.142638036809819, 1522.9733635477082
11.144407739499767, 1557.0684047537302
11.498348277489386, 1304.321386719004
11.508966493629076, 1489.6248995834385
11.530202925908453, 1942.9496147158297
11.54082114204814, 2218.9823414589696
11.88856772062294, 1720.191997983798
11.904495044832471, 2099.4976101348775
12.250471920717322, 1591.9267369421577
12.255781028787167, 1701.2542798525892
12.267284096271831, 1964.5777937496077
12.433636149126949, 1574.401100347473
12.790231241151494, 1363.3751835597418
12.985783388390756, 1574.401100347473
12.991977347805575, 1701.2542798525892
12.995516753185472, 1778.2794100389228
13.180450684285043, 1798.074542738761
13.324681453515813, 1092.600861117378
13.351226993865032, 1522.9733635477082
13.540585181689478, 1627.5654480267526
13.552088249174142, 1879.4832582843205
13.906028787163761, 1574.401100347473
14.085653610193495, 1489.6248995834385
14.08742331288344, 1522.9733635477082
14.102465785748, 1838.3283167662778
14.106890042472871, 1942.9496147158297
14.657267579046723, 1900.404953882231
14.821849929211899, 1489.6248995834385
14.825389334591792, 1557.0684047537302
14.839546956111379, 1858.7918911465636
14.848395469561117, 2076.3840890834563
14.990856536101939, 1234.0880696075565
15.027135441245877, 1942.9496147158297
15.195257196790942, 1591.9267369421577
15.208529966965555, 1879.4832582843205
15.386385087305337, 1739.3405236187791
15.405851816894765, 2218.9823414589696
15.408783569730657, 2293.7169645868153
15.568664464369993, 1701.2542798525892
15.735016517225114, 1363.3751835597418
15.94915054270883, 1986.4467294786548
16.12258140632374, 1739.3405236187791
16.211021478947096, 2393.8008801118995
16.29335771590373, 1473.2255113159613
16.29465904820583, 2245.2552929733783
16.472982538933465, 1393.8972755249326
16.660571024067963, 1457.006665100127
16.72052789575796, 1794.2696115130466
17.07641428739972, 1813.5300271283224
17.090069400748085, 2151.3820126428577
17.333727829557972, 1621.1967975412422
17.42888690070439, 1756.3602678400457
17.696015055581782, 1775.2137492297406
18.125297681471004, 1480.542305115865
18.127858015223822, 1528.7341531947768
18.135112294190144, 1673.9669679734961
18.15644840879696, 2186.1155156513937
18.58743792385473, 1862.590454723864
18.665101381023547, 1621.1967975412422
18.79055773491165, 2565.835680973829
18.836643742462385, 1504.4452755352534
18.838190184049083, 988.9909276677213
18.976181931990993, 2839.7545550851682
19.099931396710538, 1449.261394651286
19.19637063473337, 1595.4388522535025
19.312865820486607, 2257.27386516237
19.317986487992243, 2406.6145983441793
19.47587373608271, 1882.5842538992133
19.49166246089176, 2293.7169645868153
20.077978890287177, 1480.542305115865
20.271284088624967, 1803.8741134687816
20.379671550827616, 2305.9949460734992
20.540545854963035, 1872.5606696516177
20.619489479008273, 1656.1887679728768
20.64082559361509, 2162.898092843611
20.91734163891948, 2458.559055052536
21.079922832223446, 2039.540288646396
21.15801301168441, 1784.7162475259381
21.178495681706956, 2305.9949460734992
21.24122385865101, 1665.0541403555972
21.25999963950502, 2105.927595109466
21.51944679312394, 1933.5127674056478
21.958544031732302, 1823.2376276921234
21.966225032990756, 2007.1356063482506
22.23036613182319, 1954.2678753664118
22.40233521555416, 1823.2376276921234
22.68823915128555, 2330.7484283724293
22.745846660723963, 1578.4946523100257
22.953660416994396, 2305.9949460734992
23.038151430837402, 2186.1155156513937
23.200732624141367, 1813.5300271283224
23.728588099514106, 1710.0979316761745
23.759312104547924, 2511.6246827969935
23.939388911829482, 2593.3783988011583
24.09471582616714, 1964.7288281187439
24.100689938257048, 2117.200363469404
24.25345651884188, 1553.4151684664505
24.257723741763243, 1638.5993795804402
24.50138217057313, 1234.7839904850348
24.544054399786774, 2105.927595109466
24.563683625225046, 2692.127102916703
24.992539528822128, 2233.300712167839
25.058254761811135, 1673.9669679734961
25.066789207653862, 1862.590454723864
25.332210473362707, 1842.808997707774
25.71028642419556, 2458.559055052536
25.888656342308572, 2484.9502221943994
26.1515172742646, 2381.0553869186633
26.382800756602528, 1536.917276884741
26.41224459475994, 2221.409782031639
26.413098039344213, 2245.2552929733783
26.674678804423827, 2117.200363469404
26.73911387053642, 1561.7304065599164
26.86243661296384, 2406.6145983441793
27.20552133584151, 2072.4681361116195
27.492278716157173, 2677.793209086756
27.651019408831914, 2117.200363469404
27.6531530202926, 2174.475817188644
27.672355523438732, 2764.9557326250156
27.835790161326983, 2318.338650067236
28.18740933004738, 2221.409782031639
28.369619748789617, 2355.767624560704
28.440882371576393, 1892.661493145975
28.617545400520868, 1872.5606696516177
29.337425907354977, 2117.200363469404
29.515369103175864, 2128.533473555615
29.60882128515373, 2257.27386516237
29.610528174322276, 2305.9949460734992
29.980069679312393, 2764.9557326250156
30.13539659365005, 2094.714847193831
30.229275497920064, 2233.300712167839
30.578334332887636, 2072.4681361116195
30.600523892078726, 2735.590794757117
30.649170233382286, 1656.1887679728768
30.677333904663286, 2355.767624560704
30.858264156529117, 2458.559055052536
30.98329378812508, 1274.9763728803966
31.3797187975198, 2139.9272483698546
31.56150249396991, 2257.27386516237
31.644286618644372, 2094.714847193831
31.660502065745554, 2565.835680973829
31.742432745835742, 2355.767624560704
31.93445777729712, 2824.634637362268
32.09405191455614, 2257.27386516237
32.53272243087236, 2117.200363469404
32.78960925073848, 1882.5842538992133
33.22742632247043, 1747.0087474088314
33.260710661257065, 2649.3539721470524
33.511623369033266, 2186.1155156513937
33.593980771415595, 2017.8795534857923
33.70620873424747, 2706.5377242966424
33.8824450408998, 2663.5356342805703
34.029664231686866, 1823.2376276921234
34.597631602520416, 2839.7545550851682
34.66590716926224, 2197.8175199715956
34.67060111447574, 2330.7484283724293
34.94114304769022, 2458.559055052536
35.10756474162341, 2139.9272483698546
35.37298600733226, 2117.200363469404
35.39645573339976, 2839.7545550851682
36.07622434477305, 1943.862620647783
36.19271953052629, 2750.2340718709584
36.422722845987806, 1747.0087474088314
36.56695498072992, 3497.061408073846
36.71076039317988, 2293.7169645868153
36.90406559151767, 2794.6358856112156
37.06195283960814, 2186.1155156513937
37.16308602284447, 2552.1742100141846
37.35255072055303, 2963.6642437656583
37.43576156751963, 2764.9557326250156
37.597062593947186, 2257.27386516237
37.76775151080175, 2072.4681361116195
38.23501242069111, 2779.756196597163
38.66301487970392, 2281.504355675925
38.93825075813191, 2552.1742100141846
39.099125062267326, 2072.4681361116195
39.2113530250992, 2779.756196597163
39.64234254015697, 2368.3777555087872
39.64959681912328, 2593.3783988011583
39.65258387516824, 2692.127102916703
39.72854044316851, 2293.7169645868153
39.908190528157945, 2355.767624560704
39.91245775107931, 2484.9502221943994
40.11472411755196, 3386.819969594615
40.25895625229407, 2233.300712167839
40.62209692290215, 2471.7194157369186
40.71640254946429, 2649.3539721470524
40.79491945121739, 2330.7484283724293
40.97841003683603, 2511.6246827969935
41.24895197005051, 2649.3539721470524
41.51351979117509, 2593.3783988011583
41.85959157009772, 2318.338650067236
41.89159574200795, 3459.9212145594884
42.14293517207628, 2870.2376288804107
42.40536938174017, 2735.590794757117
42.56837729733627, 2281.504355675925
42.76125577338193, 2764.9557326250156
42.77107038610107, 3126.1819053262475
43.10135344021465, 2293.7169645868153
43.46620099999127, 2593.3783988011583
43.47772250187896, 2995.477414268459
43.91340596215022, 2706.5377242966424
43.91724646277945, 2839.7545550851682
43.92535418633004, 3142.9159680507287
44.01709947913936, 3262.5895487100424
44.49204139028718, 1586.9441377596743
44.592747851231366, 1842.808997707774
44.68491986633284, 1923.2180206617766
45.83749677739325, 1892.661493145975
46.04104331074232, 2621.2167712999644
46.29451635227134, 2233.300712167839
46.29835685290057, 2343.2246346766497
46.32438691272089, 3245.21829898293
46.742574759014566, 2355.767624560704
46.85522944413857, 3176.6532990516657
47.35620141510671, 2139.9272483698546
47.91520761780539, 2979.5283696711213
48.24165017128975, 2083.5618001511584
48.278348288413476, 3297.6115043219534
48.34406352140248, 2471.7194157369186
48.357718634750846, 2932.188941881936
48.623993345043964, 2932.188941881936
48.68672152198801, 2117.200363469404
48.950862620820445, 2061.433538897845
48.96878495709018, 2579.5702800875165
48.98073318127, 2995.477414268459
49.147581597495325, 2621.2167712999644
49.160383266259416, 3076.512412640942
49.66690262702534, 2221.409782031639
49.95323328504887, 2854.9554078461524
49.964328064644405, 3280.0537845753074
49.96603495381295, 3350.850584333429
50.03175018680197, 2511.6246827969935
50.04711218931888, 3043.838617982663
50.13373681462255, 2963.6642437656583
50.30826623210635, 2854.9554078461524
50.40470547012916, 3142.9159680507287
50.50882570941046, 3808.900693703051
50.55661860612973, 2281.504355675925
50.55960566217469, 2368.3777555087872
50.56173927363537, 2432.4481726813224
50.93810833529969, 3176.6532990516657
51.01278473642354, 2663.5356342805703
51.09898263943511, 2579.5702800875165
51.110930863614925, 2995.477414268459
51.19542187745792, 2839.7545550851682
51.37592540703163, 2947.8845844131283
51.472364645054455, 3245.21829898293
51.474924978807266, 3350.850584333429
52.086844745730886, 2979.5283696711213
52.53148937413701, 3011.5118321168648
52.692790400564576, 2458.559055052536
52.7013248464073, 2735.590794757117
52.87286720784611, 2538.585477846887
53.058918127217595, 2824.634637362268
53.15791769899323, 3210.7527802069967
53.16389181108315, 3459.9212145594884
53.66230344829847, 2257.27386516237
53.66230344829847, 2257.27386516237
53.92004371274885, 2028.6810116354097
53.94948755090627, 2932.188941881936
54.24520609935679, 4238.089646219789
54.47435597023403, 2663.5356342805703
54.55628665032424, 2445.4687650615483
54.836216473965706, 2901.0479203171685
55.607303655856185, 2050.4576940159172
55.97556499396991, 2419.4969068156506
56.00074160920596, 3315.263208357559
56.00671572129586, 3572.542108242095
56.08437917846469, 3109.536941024417
56.09760756952092, 3669.188119508294
56.16417624709419, 2779.756196597163
56.61948893280375, 3210.7527802069967
56.96214693338926, 2750.2340718709584
57.05389222619861, 2854.9554078461524
57.08632312040098, 4283.583014372058
57.27877487415448, 1700.9927292639645
57.27877487415448, 1700.9927292639645
57.594549370335415, 3159.7396061306235
57.6751998835492, 2854.9554078461524
58.30632215361895, 3227.9395403009103
58.40062778018108, 3459.9212145594884
58.57643736454128, 3386.819969594615
58.774009785800445, 4352.740347957004
58.919522087418954, 2916.576868835037
58.9272030886774, 3210.7527802069967
59.28394292490343, 3280.0537845753074
59.47170073344344, 3728.4262073229584
59.6210535356912, 2621.2167712999644
59.623613869444014, 2706.5377242966424
59.90055663704054, 3092.9806007518337
60.0759394991086, 3011.5118321168648
60.51461001542482, 2824.634637362268
60.69041959978502, 2764.9557326250156
60.69767387875133, 3027.6320802087275
60.802220840324765, 3688.828826926871
61.0561206041459, 3159.7396061306235
61.13335733902261, 2735.590794757117
62.27142569215039, 2245.2552929733783
62.83341895089404, 3245.21829898293
63.1167625528726, 4017.768359856286
63.37236920586231, 3515.7807426251575
63.54305812271687, 3227.9395403009103
63.70094537080735, 2525.0690971833296
63.820000890313395, 3688.828826926871
63.921987518134, 4352.740347957004
63.97020713714542, 2621.2167712999644
64.16564594694388, 3280.0537845753074
64.34444258734904, 3333.0093997683302
64.42893360119204, 3159.7396061306235
64.70331603503574, 3497.061408073846
65.40570092789227, 3176.6532990516657
65.40826126164508, 3280.0537845753074
65.75475976285985, 2947.8845844131283
65.77097520996104, 3610.891219973298
66.35387786101936, 2233.300712167839
66.36795969665985, 2663.5356342805703
66.36795969665985, 2663.5356342805703
66.43964904173878, 2151.3820126428577
66.452877432795, 2538.585477846887
66.56937261854824, 3591.665481588766
66.67135924636884, 4238.089646219789
67.24914122992153, 2458.559055052536
67.44031281679864, 2916.576868835037
67.45780843077623, 3630.219871342993
67.8090008772045, 3459.9212145594884
67.8196689345079, 3953.933137785193
67.97755618259836, 3092.9806007518337
68.16488726884624, 3497.061408073846
68.35008474363345, 3849.786974074351
68.5182133267352, 3423.1754647832645
68.63001456727493, 4566.983906875388
69.13525376116444, 3245.21829898293
69.39299402561483, 2916.576868835037
69.40451552750251, 3368.787270539393
69.76850964269485, 3768.4486420134526
70.11074092098823, 3210.7527802069967
70.2741755588765, 2692.127102916703
70.3706147968993, 2963.6642437656583
70.37914924274205, 3297.6115043219534
70.54599765896738, 2885.6016537421788
70.8007508673728, 2498.2518515124375
70.90359093977769, 2979.5283696711213
71.18010698508208, 3386.819969594615
71.53257959838673, 3280.0537845753074
71.55434243528569, 4306.512501208982
71.56415704800483, 4869.1345389313865
71.6234714466118, 3368.787270539393
71.73484596485939, 4470.492631894251
71.81037581056754, 3788.620678657257
72.13980542009683, 2750.2340718709584
72.24051188104103, 3193.657528866217
72.25971438418716, 4060.896710222469
72.42485591124395, 3478.441742276556
72.5191615378061, 3728.4262073229584
72.60535944081767, 3610.891219973298
72.6855832317393, 3245.21829898293
72.78372935893067, 3649.651986578258
73.13406836077466, 3441.4992970743383
73.14815019641516, 4104.488017742656
73.23008087650535, 3768.4486420134526
73.49507541992206, 3708.5746686082157
73.51598481223674, 4817.422378943049
74.10614174226139, 3262.5895487100424
74.26018848972262, 2432.4481726813224
74.36473545129604, 2963.6642437656583
74.46330830077954, 3350.850584333429
74.90880637376995, 3423.1754647832645
74.91734081961268, 3808.900693703051
75.08077545750093, 3193.657528866217
75.09059007022007, 3610.891219973298
75.26938671062523, 3669.188119508294
75.37009317156941, 4260.775612718083
75.96878454743678, 3210.7527802069967
76.03791355876288, 2511.6246827969935
76.16763713557233, 4193.079435867637
76.25554192775243, 4148.547251986153
76.34301999764041, 4082.634184983846
76.4236705108542, 3688.828826926871
76.51498908137137, 3808.900693703051
76.5175494151242, 3932.8809156422194
76.67458321863039, 3043.838617982663
76.8623410271704, 3459.9212145594884
77.22420153090208, 3768.4486420134526
77.73925533751071, 3027.6320802087275
78.28161937081607, 3423.1754647832645
78.45572206600772, 3280.0537845753074
78.45828239976055, 3386.819969594615
78.465963401019, 3728.4262073229584
78.83123768308776, 4238.089646219789
78.910181307133, 3748.3840088541583
79.35183887949417, 3649.651986578258
79.5255148523937, 3478.441742276556
80.40925671940819, 3315.263208357559
80.8385393452974, 2764.9557326250156
80.84579362426372, 3027.6320802087275
80.94479319603937, 3441.4992970743383
81.11206833455684, 3027.6320802087275
81.2089342948718, 3350.850584333429
81.83109539680669, 3386.819969594615
81.85285823370565, 4446.690053374205
81.90150457500918, 2692.127102916703
81.99794381303201, 2963.6642437656583
82.18015423177425, 3142.9159680507287
82.1818611209428, 3210.7527802069967
82.53262684507892, 3043.838617982663
82.56463101698915, 4542.66757263794
83.71123381595966, 4148.547251986153
83.80895322085891, 4640.7166741557685
83.95403880018527, 3092.9806007518337
83.97281458103929, 3911.940783421292
83.98348263834269, 4470.492631894251
84.06626676301715, 4148.547251986153
84.33126130643387, 4082.634184983846
84.50621744620979, 3953.933137785193
84.52712683852448, 5136.141964200846
84.83778066719977, 2947.8845844131283
84.85484955888522, 3649.651986578258
84.93379318293047, 3227.9395403009103
84.95470257524515, 4193.079435867637
85.11088293416707, 3210.7527802069967
85.20518856072923, 3441.4992970743383
85.58198434468565, 4518.480707678857
85.75352670612449, 4193.079435867637
85.89519850711378, 2677.793209086756
85.96987490823764, 2245.2552929733783
86.29546401713772, 4715.639837785617
86.64750990815025, 4542.66757263794
86.72645353219549, 4017.768359856286
86.79302220976878, 3043.838617982663
87.16000338100608, 3534.6002794449323
87.34605430037755, 3932.8809156422194
87.52527766307483, 4017.768359856286
87.62299706797407, 4494.422622655178
87.7804575937724, 3497.061408073846
87.96522834626747, 3829.2892651457873
87.97589640357087, 4376.040025394837
88.05740036136893, 3996.376255062606
88.13378365166135, 3423.1754647832645
88.5903765042473, 4017.768359856286
89.00429712761961, 2764.9557326250156
89.48051920564383, 4148.547251986153
89.5598895519812, 3688.828826926871
90.35359301535492, 3459.9212145594884
90.3604205720291, 3768.4486420134526
90.62370822627726, 3630.219871342993
90.63736333962562, 4306.512501208982
90.72185435346863, 4082.634184983846
90.94588355684024, 7305.662970544982
91.15839125832416, 3728.4262073229584
91.59791521922465, 3534.6002794449323
91.60132899756174, 3688.828826926871
91.76903085837137, 3262.5895487100424
92.13473186273225, 3728.4262073229584
92.93440943819589, 3768.4486420134526
93.35985156345588, 2995.477414268459
93.46055802440006, 3478.441742276556
93.55955759617571, 3953.933137785193
93.92355171136805, 4423.014208704509
94.00718928062679, 4148.547251986153
94.25724854381873, 3386.819969594615
94.35198089267298, 3649.651986578258
94.62124265901107, 3788.620678657257
94.62849693797739, 4148.547251986153
94.96304721501234, 3210.7527802069967
94.96475410418088, 3280.0537845753074
95.69658283519479, 4306.512501208982
95.85276319411675, 3297.6115043219534
95.95133604360022, 3728.4262073229584
96.11605084836488, 3176.6532990516657
96.15189552090433, 4974.230115281124
96.30423537919705, 3630.219871342993
96.39939445034345, 3932.8809156422194
96.4830320196022, 3688.828826926871
97.02582277519971, 4193.079435867637
97.11714134571687, 4329.5647267356535
97.28697681798717, 3932.8809156422194
97.2874035402793, 3953.933137785193
97.28953715173998, 4060.896710222469
97.63390204149408, 3553.520554903448
97.8954828065737, 3350.850584333429
98.00813749169768, 4518.480707678857
98.17626607479943, 4017.768359856286
98.52020424226139, 3497.061408073846
98.52959213268839, 3932.8809156422194
98.7186301081048, 4542.66757263794
98.72375077561044, 4843.209441468811
98.87481046702672, 3478.441742276556
98.88377163516158, 3891.112144313633
99.04677955075772, 3245.21829898293
99.2609941414102, 5136.141964200846
99.31860165084858, 3478.441742276556
99.8545648497719, 3630.219871342993
100.1886884045147, 2794.6358856112156
