2.3312883435582776, 514.8911554685728
2.6993865030674815, 575.2039370040488
3.4355828220858875, 1441.8474097105534
3.8036809815950896, 1034.4703022280842
4.17177914110429, 1507.3324919792285
4.539877300613494, 1117.9718377867036
4.539877300613494, 1168.588566496792
4.907975460122696, 802.1019818940913
5.092024539877297, 979.0002404965098
5.6441717791411, 1249.097306389189
6.196319018404903, 1106.0019661251786
6.564417177914109, 1182.038298001513
6.564417177914109, 1800.2128425495746
6.564417177914109, 1703.2774394148232
6.74846625766871, 1524.8362871480504
6.74846625766871, 1491.4470308481832
6.74846625766871, 1305.9168519792047
7.668711656441715, 1861.3816047548735
8.220858895705518, 1291.890825519485
8.58895705521472, 431.8110688469616
8.58895705521472, 2011.6990064056713
9.141104294478524, 1443.3660130679816
9.50920245398773, 2103.1367305856156
9.693251533742327, 751.2195318881783
10.24539877300613, 1630.6080246536353
10.613496932515336, 1762.1095968759437
10.797546012269937, 1723.583307422784
10.981595092024534, 1667.3391585326608
11.165644171779139, 1492.6630231108861
11.34969325153374, 1381.410255291175
11.717791411042942, 1649.2072972551614
11.901840490797543, 1723.934513907967
12.085889570552144, 1492.9164795924355
12.085889570552144, 1560.509012678021
12.453987730061346, 1036.1226339926156
12.453987730061346, 1822.2311593817506
12.638036809815947, 1144.7091103018613
12.822085889570548, 1667.9054401233698
13.006134969325153, 1743.4798881554239
13.190184049079754, 2127.9927843768387
13.558282208588952, 1366.7590358260886
13.742331288343554, 1863.4686288736696
13.926380368098155, 1724.5785783414826
13.926380368098155, 1782.8141163622254
14.478527607361961, 1905.445188936939
14.662576687116559, 1351.9877188116377
16.13496932515337, 1632.3808677029162
16.503067484662573, 1927.3756843421709
17.23926380368098, 1461.6152244092727
17.975460122699385, 1511.1762693654553
17.975460122699385, 1993.000615166245
18.159509202453986, 1706.92519160551
19.07975460122699, 1764.864236174578
19.263803680981592, 2202.3173295766683
20.184049079754597, 2130.7404807112043
21.288343558282207, 1615.9455922992943
21.472392638036805, 2380.7331136681073
21.472392638036805, 2203.214932759796
21.656441717791406, 2303.044784281223
22.944785276073613, 1887.4139225978543
23.496932515337424, 2085.3580251502835
23.496932515337424, 1652.7953761320932
23.496932515337424, 3072.2026428788695
23.680981595092025, 2355.483088773221
23.865030674846626, 1746.9764308197632
25.521472392638028, 3248.2581943152118
25.889570552147237, 1847.0886091577295
26.44171779141104, 2086.491347228947
26.809815950920242, 2383.078731857641
26.993865030674844, 2041.0114728679152
28.28220858895705, 3143.7548950070077
28.28220858895705, 2230.541033808992
28.466257668711652, 1600.2734331233073
28.834355828220854, 2722.656929595004
29.386503067484664, 2019.4331049263412
29.57055214723926, 1691.6914021195166
30.12269938650306, 2663.6721454675617
30.30674846625767, 2206.8090053641527
30.49079754601227, 2384.697745930095
30.49079754601227, 2634.5265035467437
30.858895705521466, 1911.2125567708995
31.226993865030668, 1932.6186999523115
31.779141104294478, 2549.075669366588
31.96319018404908, 3009.6282852802524
32.69938650306749, 1808.9143490403715
33.43558282208589, 2521.783292594169
33.987730061349694, 2607.20441320378
34.171779141104295, 754.6199658507978
35.0920245398773, 2184.4418628190883
35.2760736196319, 1638.1559301645493
35.4601226993865, 2787.0144254855854
36.38036809815951, 2818.5169214882967
36.56441717791411, 3045.714845825485
36.74846625766871, 3183.7192031464037
37.30061349693251, 2113.9484090869123
37.668711656441715, 2580.25329147366
37.852760736196316, 2946.9271229081805
38.03680981595092, 2882.4963022964475
39.325153374233125, 2496.732367695788
39.325153374233125, 3256.541424099196
39.509202453987726, 2758.391906056242
40.61349693251533, 2639.451496745829
41.349693251533736, 3048.4050737338794
42.269938650306756, 1852.6793443270144
42.638036809815944, 1936.691844982242
42.822085889570545, 2760.0784434044103
43.37423312883435, 3406.5268911576395
43.55828220858895, 2093.0909869917914
43.74233128834355, 3152.735017517409
44.110429447852766, 2554.8817948775963
44.47852760736197, 3259.6392419183703
44.84662576687117, 2822.9230024094622
45.76687116564416, 2527.527253232264
45.95092024539876, 3682.74910873601
45.95092024539876, 2823.498216187264
45.95092024539876, 2761.6722310653968
46.50306748466258, 3051.3048997540836
47.05521472392638, 2731.825319542755
47.607361963190186, 2556.5307136993015
47.79141104294477, 2793.36251304918
48.159509202453975, 2887.8848511176793
48.52760736196319, 1854.8195950984948
48.895705521472394, 2072.0875124801614
48.895705521472394, 2985.808428092168
49.263803680981596, 2166.049402881205
50, 1855.323542728834
50.736196319018404, 3191.9462435333644
50.920245398773005, 2644.475494799026
51.65644171779141, 2558.4413176963353
52.576687116564415, 2795.8298424517234
53.31288343558282, 3489.181590818267
55.153374233128844, 3730.071885065475
55.153374233128844, 2422.2401666203723
56.62576687116564, 2829.064662353008
56.80981595092024, 2990.1713984175553
56.99386503067484, 3649.6338174652456
56.99386503067484, 2423.0628366857954
57.361963190184056, 2737.0251442426916
57.73006134969326, 3303.992489578107
57.91411042944786, 2957.85497065246
57.91411042944786, 3160.989328988565
58.28220858895706, 3415.909616547082
58.83435582822085, 2925.7884503760733
58.83435582822085, 3092.2983074089016
59.20245398773005, 3732.85952622881
59.57055214723927, 2424.21504419906
59.57055214723927, 3493.212360424706
59.75460122699387, 3127.2515226407772
60.30674846625767, 3233.181849912193
60.674846625766875, 3093.3485506035777
61.96319018404908, 3494.754767314792
62.147239263803684, 3947.4448293963055
62.147239263803684, 3270.282720673033
63.06748466257669, 3653.7258713366064
63.25153374233129, 3495.5855761703724
63.80368098159509, 2864.3475965600896
63.80368098159509, 2710.1121181611193
65.4601226993865, 2710.9405006061115
66.1963190184049, 3130.970501570897
66.38036809815951, 3272.8378771238877
67.11656441717791, 3779.92761088181
67.30061349693251, 2742.048634272041
68.40490797546012, 3577.24144631537
68.40490797546012, 3063.659966460472
69.50920245398773, 3311.180782815187
69.50920245398773, 2997.18577076988
69.69325153374233, 3348.153285598995
70.24539877300613, 3133.310408822095
70.24539877300613, 2931.9547783152425
70.24539877300613, 2743.538845650859
70.61349693251533, 2103.565276891342
70.98159509202455, 2483.709926600752
71.34969325153375, 2998.203710711632
71.52414985181444, 3954.578848032016
71.53374233128835, 2625.3280403661947
71.5984622365797, 4050.0381636410875
72.26993865030674, 2744.5638357407943
72.46544005884114, 3937.6262369280616
72.63883562329343, 3793.778259162305
73.1590223166503, 3633.6990382728163
73.35718867602434, 4688.259975018856
73.60489662524189, 2919.222585074677
74.22416649828577, 4064.0928720457227
74.81866557640791, 3319.0318740133953
75.09114432054723, 3651.2783689663934
75.23976909007776, 3160.037699522458
75.56178942406058, 2342.391505014535
75.66087260374759, 3560.33296969356
77.07280791428767, 2558.3323314753484
77.07280791428767, 3561.2605747085927
78.18749368576667, 3572.6229590936464
78.65813878928002, 3282.0304969463236
78.65813878928002, 5040.750569798939
78.70768037912352, 2476.5818797857073
78.75722196896703, 3341.2982488283183
78.75722196896703, 3775.495597910558
79.3269502521674, 3233.8928539388935
79.64897058615023, 4596.815031498809
80.29301125411587, 2979.990407477959
80.54071920333342, 3931.7639152057022
80.93705192208151, 3234.8536794803695
81.13521828145555, 3382.8461647256754
82.32421643769983, 2579.9603609033647
82.79486154121318, 3722.43326717064
82.8444031310567, 3755.8932152074813
82.96825710566547, 4094.9867663614127
82.99302790058722, 4181.318925764527
83.06734028535249, 3284.7015365314946
84.42973400604905, 4532.830991816249
85.32148262323223, 5510.684273361829
85.42056580291927, 4090.7406279461848
85.76735693182383, 2831.434364894186
86.06460647088491, 3068.820089341616
86.75818872869405, 3692.0038850644623
86.93158429314636, 3659.2636159058807
87.84810370525129, 2966.4157040102446
87.94718688493832, 3798.8444980104223
88.17012403923412, 3526.27760394713
88.98756027165204, 3542.6085906131493
89.58205934977417, 3506.2380966318774
89.75545491422648, 3672.0964898868942
89.80499650406999, 3378.180316984904
89.97839206852227, 3506.4944968042573
90.22610001773981, 3661.4885563170496
90.32518319742685, 5150.410163129104
91.26647340445356, 3640.4310833648647
91.93528486734095, 3945.9130961675114
92.00959725210622, 4662.554535914774
92.77749189468064, 3339.985234709191
94.63530151381231, 2836.0708183805345
95.1307174122474, 5903.493901206251
95.3041129766997, 2555.504371691819
95.92338284974358, 4141.645463492309
96.09677841419588, 3536.70393054613
96.44356954310045, 4631.737335763772
97.23623498059663, 4118.033595274835
97.28577657044013, 4179.885942312061
98.12798359777982, 4075.978984632262
98.52431631652792, 4193.317904339579
99.21789857433706, 4131.833264202719
